,antecedents,consequents,antecedent support,consequent support,support,confidence,lift,leverage,conviction
229,"frozenset({'yogurt', 'sausage'})",frozenset({'whole milk'}),0.005747510525964045,0.15792287642852368,0.0014702933903628951,0.2558139534883721,1.6198663504217148,0.0005626299957994361,1.1315411347991713
219,"frozenset({'rolls/buns', 'sausage'})",frozenset({'whole milk'}),0.005346521419501437,0.15792287642852368,0.0011361358016440553,0.2125,1.345593525179856,0.0002917977601896749,1.0693042839002875
226,"frozenset({'soda', 'sausage'})",frozenset({'whole milk'}),0.005948005079195348,0.15792287642852368,0.0010693042839002875,0.17977528089887643,1.138373901011379,0.0001299782127822893,1.0266419725734437
186,frozenset({'semi-finished bread'}),frozenset({'whole milk'}),0.009490075519615051,0.15792287642852368,0.001670787943594199,0.176056338028169,1.1148247930239072,0.0001720879200126737,1.0220081328816208
223,"frozenset({'yogurt', 'rolls/buns'})",frozenset({'whole milk'}),0.007819287576020852,0.15792287642852368,0.0013366303548753592,0.17094017094017094,1.0824281751069733,0.00010178596924832772,1.0157012727614716
230,"frozenset({'whole milk', 'sausage'})",frozenset({'yogurt'}),0.008955423377664907,0.08587850030074183,0.0014702933903628951,0.16417910447761194,1.9117602648237413,0.000701215061130829,1.0936810799973267
62,frozenset({'detergent'}),frozenset({'whole milk'}),0.008621265788946068,0.15792287642852368,0.001403461872619127,0.1627906976744186,1.0308240411774547,4.196678077393861e-05,1.0058143420437078
89,frozenset({'ham'}),frozenset({'whole milk'}),0.0171088685424046,0.15792287642852368,0.0027400922274944863,0.16015624999999997,1.0141421789039355,3.821049484046884e-05,1.0026592727176649
13,frozenset({'bottled beer'}),frozenset({'whole milk'}),0.04531176903027468,0.15792287642852368,0.007150972398583172,0.15781710914454278,0.9993302598941151,-4.792502742702494e-06,0.9998744129272522
73,frozenset({'frozen fish'}),frozenset({'whole milk'}),0.006816814809864332,0.15792287642852368,0.0010693042839002875,0.15686274509803924,0.9932870312746345,-7.226718954047489e-06,0.9987426349336115
27,frozenset({'candy'}),frozenset({'whole milk'}),0.014368776314910112,0.15792287642852368,0.002138608567800575,0.1488372093023256,0.942467694790816,-0.00013054991860807262,0.9893255823380733
184,frozenset({'sausage'}),frozenset({'whole milk'}),0.06034886052262247,0.15792287642852368,0.008955423377664907,0.14839424141749724,0.9396627314134623,-0.0005750422652514124,0.9888109786541524
125,frozenset({'onions'}),frozenset({'whole milk'}),0.02024994987636169,0.15792287642852368,0.0029405867807257902,0.14521452145214522,0.9195280933086962,-0.0002573435512826755,0.9851326966878662
160,frozenset({'processed cheese'}),frozenset({'rolls/buns'}),0.01015839069705273,0.11000467820624206,0.0014702933903628951,0.14473684210526316,1.315733516659206,0.0003528228906403267,1.0406099147127017
162,frozenset({'processed cheese'}),frozenset({'whole milk'}),0.01015839069705273,0.15792287642852368,0.0014702933903628951,0.14473684210526316,0.916503329843865,-0.0001339488884004275,0.9845824829451109
119,frozenset({'newspapers'}),frozenset({'whole milk'}),0.038895943326872955,0.15792287642852368,0.005613847490476508,0.14432989690721648,0.9139264694975372,-0.0005287117611041097,0.9841142287522072
66,frozenset({'domestic eggs'}),frozenset({'whole milk'}),0.037091492347791216,0.15792287642852368,0.005279689901757669,0.14234234234234236,0.9013408668931312,-0.0005779052608320947,0.9818336209709441
148,frozenset({'packaged fruit/vegetables'}),frozenset({'rolls/buns'}),0.00848760275345853,0.11000467820624206,0.0012029673193878234,0.14173228346456695,1.2884205087972755,0.0002692913097512037,1.0369670263101582
167,frozenset({'seasonal products'}),frozenset({'rolls/buns'}),0.007084140880839404,0.11000467820624206,0.0010024727661565194,0.14150943396226415,1.2863946903872165,0.00022318412819209666,1.0366978473641575
35,frozenset({'cat food'}),frozenset({'whole milk'}),0.011829178640646929,0.15792287642852368,0.001670787943594199,0.14124293785310735,0.8943792124824568,-0.0001973099731236176,0.9805766504746797
202,frozenset({'waffles'}),frozenset({'whole milk'}),0.018512330415023724,0.15792287642852368,0.0026064291920069507,0.14079422382671483,0.891537863359769,-0.0003170912765288413,0.980064551383609
92,frozenset({'hamburger meat'}),frozenset({'whole milk'}),0.021853906302212123,0.15792287642852368,0.0030742498162133263,0.14067278287461774,0.890768874377023,-0.0003769819282314537,0.9799260477148497
216,"frozenset({'yogurt', 'other vegetables'})",frozenset({'whole milk'}),0.008086613646995923,0.15792287642852368,0.0011361358016440553,0.14049586776859505,0.8896486116891612,-0.00014092548605569512,0.9797243456937369
209,"frozenset({'soda', 'rolls/buns'})",frozenset({'other vegetables'}),0.008086613646995923,0.12210118291786407,0.0011361358016440553,0.14049586776859505,1.150651160055549,0.00014875070954611025,1.0214015083359465
72,frozenset({'frankfurter'}),frozenset({'whole milk'}),0.037759807525228894,0.15792287642852368,0.005279689901757669,0.13982300884955753,0.8853879311959075,-0.0006834475160138924,0.9789579728763048
200,frozenset({'sugar'}),frozenset({'whole milk'}),0.01771035220209851,0.15792287642852368,0.0024727661565194146,0.13962264150943396,0.8841191641581297,-0.0003241036057982207,0.9787299901159703
38,frozenset({'chewing gum'}),frozenset({'whole milk'}),0.012029673193878232,0.15792287642852368,0.001670787943594199,0.1388888888888889,0.8794728922744158,-0.0002289726496781568,0.9778960144701015
4,frozenset({'beef'}),frozenset({'whole milk'}),0.03395041101383412,0.15792287642852368,0.004678206242063757,0.1377952755905512,0.8725479088706803,-0.0006833403211715583,0.9766556593020775
68,frozenset({'flour'}),frozenset({'whole milk'}),0.009757401590590123,0.15792287642852368,0.0013366303548753592,0.136986301369863,0.8674253184076429,-0.00020428657077888501,0.9757401590590122
69,frozenset({'frankfurter'}),frozenset({'other vegetables'}),0.037759807525228894,0.12210118291786407,0.005146026866270133,0.13628318584070798,1.1161495948191098,0.0005355097006888195,1.0164197369905876
80,frozenset({'frozen vegetables'}),frozenset({'whole milk'}),0.028002405934638777,0.15792287642852368,0.003809396511394774,0.1360381861575179,0.8614216586859672,-0.0006128239807225437,0.9746693778354933
157,frozenset({'pork'}),frozenset({'whole milk'}),0.037091492347791216,0.15792287642852368,0.005012363830782597,0.13513513513513514,0.8557033546453776,-0.0008452313318071669,0.9736516741295195
154,frozenset({'pip fruit'}),frozenset({'whole milk'}),0.049054334023925686,0.15792287642852368,0.006616320256633028,0.13487738419618528,0.8540712229062719,-0.0011304812737109125,0.9733615885062419
47,frozenset({'citrus fruit'}),frozenset({'whole milk'}),0.05313105660629553,0.15792287642852368,0.007150972398583172,0.13459119496855346,0.8522590140983773,-0.0012396368883697342,0.9730396994757612
106,frozenset({'long life bakery product'}),frozenset({'whole milk'}),0.017910846755329814,0.15792287642852368,0.0024059346387756467,0.13432835820895522,0.850594677901226,-0.0004225978000965279,0.9727442634360157
87,frozenset({'grapes'}),frozenset({'whole milk'}),0.01443560783265388,0.15792287642852368,0.0019381140145692708,0.13425925925925924,0.8501571291986019,-0.0003415986973575563,0.9726666240183899
188,frozenset({'shopping bags'}),frozenset({'whole milk'}),0.04758404063356279,0.15792287642852368,0.006348994185657956,0.13342696629213482,0.8448868796568826,-0.0011656143832860294,0.9717324343320763
23,frozenset({'butter'}),frozenset({'whole milk'}),0.03522020985096572,0.15792287642852368,0.004678206242063757,0.13282732447817835,0.84108982486965,-0.0008838706060169746,0.971060490420499
149,frozenset({'pasta'}),frozenset({'whole milk'}),0.008086613646995923,0.15792287642852368,0.0010693042839002875,0.1322314049586777,0.8373163404133281,-0.00020775700379946295,0.9703936376395108
228,"frozenset({'yogurt', 'whole milk'})",frozenset({'sausage'}),0.011160863463209249,0.06034886052262247,0.0014702933903628951,0.1317365269461078,2.1829165589087607,0.0007967479979096469,1.082218898570497
112,frozenset({'meat'}),frozenset({'whole milk'}),0.016841542471429525,0.15792287642852368,0.002205440085544343,0.13095238095238096,0.8292172984301636,-0.00045422474503695534,0.9689654572603289
204,frozenset({'white bread'}),frozenset({'whole milk'}),0.023992514870012697,0.15792287642852368,0.003141081333957094,0.1309192200557103,0.829007316840285,-0.000647885627069438,0.9689284851351283
123,frozenset({'oil'}),frozenset({'whole milk'}),0.014903428456860256,0.15792287642852368,0.0019381140145692708,0.13004484304932734,0.8234705825421436,-0.0004154782759848146,0.9679546317342227
206,frozenset({'yogurt'}),frozenset({'whole milk'}),0.08587850030074183,0.15792287642852368,0.011160863463209249,0.1299610894941634,0.8229402378760758,-0.002401316327651736,0.9678614524054983
83,frozenset({'fruit/vegetable juice'}),frozenset({'whole milk'}),0.03401724253157789,0.15792287642852368,0.004410880171088686,0.12966601178781928,0.8210717454003978,-0.0009612206176648095,0.9675333090245631
159,frozenset({'pot plants'}),frozenset({'whole milk'}),0.007819287576020852,0.15792287642852368,0.0010024727661565194,0.1282051282051282,0.8118211313302299,-0.0002323716194705121,0.9659119946849287
128,frozenset({'pot plants'}),frozenset({'other vegetables'}),0.007819287576020852,0.12210118291786407,0.0010024727661565194,0.1282051282051282,1.0499908775770843,4.772850354941552e-05,1.007001584300097
31,frozenset({'canned beer'}),frozenset({'whole milk'}),0.04691572545612511,0.15792287642852368,0.006014836596939116,0.1282051282051282,0.8118211313302299,-0.0013942297168230717,0.9659119946849287
104,frozenset({'ice cream'}),frozenset({'whole milk'}),0.015170754527835327,0.15792287642852368,0.0019381140145692708,0.1277533039647577,0.808960087695586,-0.0004576951780575335,0.965411651771339
74,frozenset({'frozen meals'}),frozenset({'other vegetables'}),0.016774710953685757,0.12210118291786407,0.002138608567800575,0.12749003984063748,1.0441343547539457,9.039651725029248e-05,1.0061762698064662
163,frozenset({'red/blush wine'}),frozenset({'rolls/buns'}),0.01049254828577157,0.11000467820624206,0.0013366303548753592,0.12738853503184713,1.158028341240297,0.0001824009571356009,1.0199216461432117
95,frozenset({'hard cheese'}),frozenset({'whole milk'}),0.01470293390362895,0.15792287642852368,0.001871282496825503,0.1272727272727273,0.8059169776478284,-0.000450647117174043,0.96488003742565
111,frozenset({'meat'}),frozenset({'other vegetables'}),0.016841542471429525,0.12210118291786407,0.002138608567800575,0.126984126984127,1.0399909644573029,8.223630987758222e-05,1.005593190475901
176,frozenset({'rolls/buns'}),frozenset({'whole milk'}),0.11000467820624206,0.15792287642852368,0.013967787208447505,0.12697448359659783,0.8040284376030019,-0.0034044679944763706,0.9645504143344816
218,"frozenset({'whole milk', 'sausage'})",frozenset({'rolls/buns'}),0.008955423377664907,0.11000467820624206,0.0011361358016440553,0.12686567164179105,1.1532752398396837,0.0001509973347833698,1.0193108813706289
101,frozenset({'hygiene articles'}),frozenset({'whole milk'}),0.013700461137472432,0.15792287642852368,0.0017376194613379669,0.12682926829268293,0.8031089045549787,-0.000425996769888883,0.9643900018556014
195,frozenset({'soft cheese'}),frozenset({'yogurt'}),0.010024727661565194,0.08587850030074183,0.0012697988371315912,0.12666666666666665,1.4749520103761347,0.0004088902596330097,1.0467040072892269
110,frozenset({'margarine'}),frozenset({'whole milk'}),0.03221279155249616,0.15792287642852368,0.0040767225823698456,0.12655601659751037,0.8013786188525382,-0.0010104141173927963,0.9640882982457283
150,frozenset({'pastry'}),frozenset({'whole milk'}),0.0517275947336764,0.15792287642852368,0.006482657221145492,0.12532299741602068,0.7935708888429613,-0.001686313329925639,0.9627292372885121
43,frozenset({'chocolate'}),frozenset({'whole milk'}),0.02359152576355009,0.15792287642852368,0.0029405867807257902,0.12464589235127478,0.789283320885368,-0.0007850548271916631,0.961984545698159
63,frozenset({'detergent'}),frozenset({'yogurt'}),0.008621265788946068,0.08587850030074183,0.0010693042839002875,0.12403100775193798,1.4442614544686756,0.00032892290725150737,1.043554632400038
221,"frozenset({'soda', 'rolls/buns'})",frozenset({'whole milk'}),0.008086613646995923,0.15792287642852368,0.0010024727661565194,0.12396694214876033,0.7849840691374952,-0.000274588521543231,0.9612389806806476
57,frozenset({'curd'}),frozenset({'whole milk'}),0.03368308494285905,0.15792287642852368,0.004143554100113613,0.12301587301587302,0.7789617045859112,-0.0011757755610489829,0.9601965390950771
5,frozenset({'berries'}),frozenset({'other vegetables'}),0.021787074784468355,0.12210118291786407,0.0026732607097507185,0.12269938650306748,1.0048992447977005,1.3033106247164247e-05,1.0006818684222947
41,frozenset({'chicken'}),frozenset({'whole milk'}),0.027868742899151238,0.15792287642852368,0.003408407404932166,0.1223021582733813,0.774442316650277,-0.0009927046361487917,0.9594157391511083
145,frozenset({'other vegetables'}),frozenset({'whole milk'}),0.12210118291786407,0.15792287642852368,0.014836596939116486,0.12151067323481116,0.7694304712706219,-0.004445973082597927,0.9585513425327646
52,frozenset({'cream cheese '}),frozenset({'whole milk'}),0.023658357281293858,0.15792287642852368,0.0028737552629820224,0.12146892655367232,0.7691661227349129,-0.0008624405704536109,0.9585057933900406
201,frozenset({'tropical fruit'}),frozenset({'whole milk'}),0.0677671589921807,0.15792287642852368,0.008220276682483459,0.121301775147929,0.7681076857970638,-0.0024817079929508115,0.9583234604954849
120,frozenset({'oil'}),frozenset({'other vegetables'}),0.014903428456860256,0.12210118291786407,0.001804450979081735,0.12107623318385649,0.9916057346086725,-1.5275265032659805e-05,0.9988338582107975
122,frozenset({'oil'}),frozenset({'soda'}),0.014903428456860256,0.09710619528169484,0.001804450979081735,0.12107623318385649,1.246843549298035,0.000357235744983095,1.0272720329192961
50,frozenset({'coffee'}),frozenset({'whole milk'}),0.03161130789280225,0.15792287642852368,0.003809396511394774,0.12050739957716701,0.7630775369755185,-0.0011827521587042503,0.9574578832916065
194,frozenset({'soft cheese'}),frozenset({'whole milk'}),0.010024727661565194,0.15792287642852368,0.0012029673193878234,0.12000000000000001,0.7598645789250953,-0.0003801665083391398,0.9569058222403141
138,frozenset({'soft cheese'}),frozenset({'other vegetables'}),0.010024727661565194,0.12210118291786407,0.0012029673193878234,0.12000000000000001,0.9827914614121511,-2.1063786518720146e-05,0.9976122921387908
222,"frozenset({'yogurt', 'whole milk'})",frozenset({'rolls/buns'}),0.011160863463209249,0.11000467820624206,0.0013366303548753592,0.11976047904191618,1.0886853267947703,0.0001088831611012215,1.0110831206772626
193,frozenset({'soda'}),frozenset({'whole milk'}),0.09710619528169484,0.15792287642852368,0.011628684087415625,0.11975223675154853,0.7582956912879478,-0.003706605590499557,0.9566364820557898
139,frozenset({'specialty bar'}),frozenset({'other vegetables'}),0.013967787208447505,0.12210118291786407,0.001670787943594199,0.11961722488038277,0.9796565604188109,-3.4695397302251596e-05,0.9971785476639478
196,frozenset({'specialty bar'}),frozenset({'whole milk'}),0.013967787208447505,0.15792287642852368,0.001670787943594199,0.11961722488038277,0.757440768466004,-0.0005350451897053697,0.9564897762306442
227,"frozenset({'whole milk', 'sausage'})",frozenset({'soda'}),0.008955423377664907,0.09710619528169484,0.0010693042839002875,0.11940298507462688,1.2296124333596987,0.00019967719255850386,1.0253200833241771
19,frozenset({'brown bread'}),frozenset({'whole milk'}),0.03762614448974136,0.15792287642852368,0.004477711688832453,0.11900532859680285,0.7535661158671016,-0.0014643172779027483,0.955825444699075
42,frozenset({'chocolate'}),frozenset({'rolls/buns'}),0.02359152576355009,0.11000467820624206,0.002806923745238254,0.11898016997167138,1.081591909651348,0.00021174554522465769,1.0101876160552943
2,frozenset({'UHT-milk'}),frozenset({'whole milk'}),0.021386085678005748,0.15792287642852368,0.0025395976742631824,0.11875,0.7519493228946255,-0.0008377544915543393,0.9555485090172782
16,frozenset({'bottled water'}),frozenset({'whole milk'}),0.06068301811134131,0.15792287642852368,0.007150972398583172,0.11784140969162996,0.7461959429605837,-0.0024322643719240453,0.954564329841324
132,frozenset({'salty snack'}),frozenset({'other vegetables'}),0.018779656485998796,0.12210118291786407,0.002205440085544343,0.11743772241992884,0.96180659034997,-8.757818618724839e-05,0.9947159983874201
213,"frozenset({'other vegetables', 'soda'})",frozenset({'whole milk'}),0.009690570072846355,0.15792287642852368,0.0011361358016440553,0.11724137931034483,0.7423964276854379,-0.0003942268984920092,0.953915491545813
207,"frozenset({'other vegetables', 'soda'})",frozenset({'rolls/buns'}),0.009690570072846355,0.11000467820624206,0.0011361358016440553,0.11724137931034483,1.0657853940587423,7.012775914555232e-05,1.0081978254694914
10,frozenset({'beverages'}),frozenset({'whole milk'}),0.016574216400454454,0.15792287642852368,0.0019381140145692708,0.11693548387096775,0.7404594351084598,-0.0006793339139393084,0.9535850531768316
39,frozenset({'chewing gum'}),frozenset({'yogurt'}),0.012029673193878232,0.08587850030074183,0.001403461872619127,0.11666666666666667,1.358508430609598,0.0003703715796208294,1.0348545279614243
61,frozenset({'detergent'}),frozenset({'rolls/buns'}),0.008621265788946068,0.11000467820624206,0.0010024727661565194,0.11627906976744186,1.0570374975274803,5.4093197313023734e-05,1.0070999693981997
77,frozenset({'frozen meals'}),frozenset({'whole milk'}),0.016774710953685757,0.15792287642852368,0.0019381140145692708,0.1155378486055777,0.7316093223382392,-0.0007109965904938474,0.9520781892632458
103,frozenset({'ice cream'}),frozenset({'rolls/buns'}),0.015170754527835327,0.11000467820624206,0.0017376194613379669,0.11453744493392069,1.0412052178288307,6.876549135755201e-05,1.0051190947621047
211,"frozenset({'other vegetables', 'rolls/buns'})",frozenset({'whole milk'}),0.010559379803515338,0.15792287642852368,0.0012029673193878234,0.11392405063291139,0.7213904230301538,-0.00046460031248457805,0.9503441823163804
93,frozenset({'hard cheese'}),frozenset({'other vegetables'}),0.01470293390362895,0.12210118291786407,0.001670787943594199,0.11363636363636365,0.9306737323978704,-0.00012445767840206469,0.9904499474772815
94,frozenset({'hard cheese'}),frozenset({'rolls/buns'}),0.01470293390362895,0.11000467820624206,0.001670787943594199,0.11363636363636365,1.0330139180382194,5.3396430837849814e-05,1.0040972861262911
9,frozenset({'beverages'}),frozenset({'soda'}),0.016574216400454454,0.09710619528169484,0.001871282496825503,0.11290322580645162,1.1626778855760054,0.00026182340240190347,1.0178075616824531
78,frozenset({'frozen vegetables'}),frozenset({'other vegetables'}),0.028002405934638777,0.12210118291786407,0.003141081333957094,0.11217183770883055,0.9186793692595684,-0.0002780455552085174,0.9888161407457391
151,frozenset({'pickled vegetables'}),frozenset({'whole milk'}),0.008955423377664907,0.15792287642852368,0.0010024727661565194,0.11194029850746269,0.7088288982510217,-0.0004117934532795679,0.9482212988115784
84,frozenset({'grapes'}),frozenset({'other vegetables'}),0.01443560783265388,0.12210118291786407,0.001603956425850431,0.1111111111111111,0.9099920939001398,-0.00015864836665499147,0.9876361692174029
82,frozenset({'fruit/vegetable juice'}),frozenset({'rolls/buns'}),0.03401724253157789,0.11000467820624206,0.003742564993651006,0.11001964636542241,1.0001360683874942,5.091755010894553e-07,1.0000168185276441
67,frozenset({'flour'}),frozenset({'tropical fruit'}),0.009757401590590123,0.0677671589921807,0.0010693042839002875,0.10958904109589042,1.6171408500175626,0.00040807289896020976,1.0469691906703202
117,frozenset({'napkins'}),frozenset({'whole milk'}),0.022121232373187194,0.15792287642852368,0.0024059346387756467,0.10876132930513596,0.6886990141315064,-0.0010875140077418522,0.9448390776344362
144,frozenset({'white bread'}),frozenset({'other vegetables'}),0.023992514870012697,0.12210118291786407,0.0026064291920069507,0.10863509749303622,0.8897137185486048,-0.00032308525479604307,0.9848927354140212
205,frozenset({'white wine'}),frozenset({'whole milk'}),0.011695515605159393,0.15792287642852368,0.0012697988371315912,0.10857142857142857,0.6874965237893719,-0.000577190628549866,0.9446377988782587
179,frozenset({'root vegetables'}),frozenset({'whole milk'}),0.06957160997126245,0.15792287642852368,0.00755196150504578,0.10854947166186359,0.6873574881406962,-0.0034349872593793457,0.9446145319373996
129,frozenset({'red/blush wine'}),frozenset({'other vegetables'}),0.01049254828577157,0.12210118291786407,0.0011361358016440553,0.10828025477707005,0.8868075819536394,-0.00014501675587146024,0.9845008162992523
208,"frozenset({'other vegetables', 'rolls/buns'})",frozenset({'soda'}),0.010559379803515338,0.09710619528169484,0.0011361358016440553,0.10759493670886075,1.108013102529032,0.00011075460439031039,1.0117533414573916
97,frozenset({'herbs'}),frozenset({'whole milk'}),0.010559379803515338,0.15792287642852368,0.0011361358016440553,0.10759493670886075,0.6813131773062563,-0.0005314318302283461,0.9436041526545622
98,frozenset({'herbs'}),frozenset({'yogurt'}),0.010559379803515338,0.08587850030074183,0.0011361358016440553,0.10759493670886075,1.2528739595133722,0.00022931210001221614,1.0243347301594523
127,frozenset({'pork'}),frozenset({'other vegetables'}),0.037091492347791216,0.12210118291786407,0.00394305954688231,0.10630630630630632,0.870641084434188,-0.0005858555449719006,0.98232629733989
134,frozenset({'semi-finished bread'}),frozenset({'other vegetables'}),0.009490075519615051,0.12210118291786407,0.0010024727661565194,0.1056338028169014,0.8651333287078794,-0.00015627668076834177,0.9815876537453803
203,frozenset({'whipped/sour cream'}),frozenset({'whole milk'}),0.043707812604424245,0.15792287642852368,0.004611374724319989,0.1055045871559633,0.6680766557827672,-0.002291088764569571,0.9413990407106761
161,frozenset({'processed cheese'}),frozenset({'root vegetables'}),0.01015839069705273,0.06957160997126245,0.0010693042839002875,0.10526315789473686,1.5130188583851563,0.00036256868838923403,1.0398905535615302
53,frozenset({'curd'}),frozenset({'other vegetables'}),0.03368308494285905,0.12210118291786407,0.003542070440419702,0.10515873015873017,0.861242517441204,-0.0005706740754262835,0.9810665272935621
7,frozenset({'beverages'}),frozenset({'other vegetables'}),0.016574216400454454,0.12210118291786407,0.0017376194613379669,0.10483870967741936,0.8586215724702932,-0.0002861119670941848,0.980715795659323
190,frozenset({'sliced cheese'}),frozenset({'whole milk'}),0.014034618726191272,0.15792287642852368,0.0014702933903628951,0.10476190476190475,0.6633738387441307,-0.0007460939684548536,0.9406180635638831
140,frozenset({'specialty chocolate'}),frozenset({'other vegetables'}),0.015972732740760543,0.12210118291786407,0.001670787943594199,0.10460251046025104,0.8566871176884162,-0.0002795016184835603,0.9804570901057499
6,frozenset({'berries'}),frozenset({'whole milk'}),0.021787074784468355,0.15792287642852368,0.0022722716032881106,0.10429447852760736,0.660414000088273,-0.0011684059156384895,0.9401271996037714
135,frozenset({'shopping bags'}),frozenset({'other vegetables'}),0.04758404063356279,0.12210118291786407,0.004945532313038829,0.10393258426966293,0.8512004698560297,-0.0008645353363308968,0.9797240717280262
11,frozenset({'bottled beer'}),frozenset({'other vegetables'}),0.04531176903027468,0.12210118291786407,0.004678206242063757,0.10324483775811208,0.8455678748629617,-0.0008544143566338201,0.9789726940488293
180,frozenset({'salty snack'}),frozenset({'whole milk'}),0.018779656485998796,0.15792287642852368,0.0019381140145692708,0.10320284697508897,0.6535015655049752,-0.00102762335603924,0.9389828242999398
165,frozenset({'salty snack'}),frozenset({'rolls/buns'}),0.018779656485998796,0.11000467820624206,0.0019381140145692708,0.10320284697508897,0.938167800296632,-0.0001277360539967932,0.9924154183493888
40,frozenset({'chicken'}),frozenset({'rolls/buns'}),0.027868742899151238,0.11000467820624206,0.0028737552629820224,0.10311750599520385,0.9373920062006289,-0.0001919368316516028,0.992320987133682
99,frozenset({'hygiene articles'}),frozenset({'other vegetables'}),0.013700461137472432,0.12210118291786407,0.001403461872619127,0.1024390243902439,0.8389683207176899,-0.0002693806387864823,0.9780937907708579
25,frozenset({'candy'}),frozenset({'rolls/buns'}),0.014368776314910112,0.11000467820624206,0.0014702933903628951,0.10232558139534884,0.9301929978241826,-0.00011033922437626441,0.9914455657287977
60,frozenset({'dessert'}),frozenset({'whole milk'}),0.02359152576355009,0.15792287642852368,0.0024059346387756467,0.1019830028328612,0.645777262542574,-0.0013197069691418067,0.9377073331884264
215,"frozenset({'yogurt', 'whole milk'})",frozenset({'other vegetables'}),0.011160863463209249,0.12210118291786407,0.0011361358016440553,0.10179640718562874,0.8337053315372539,-0.00022661882959856307,0.9773940163514446
90,frozenset({'hamburger meat'}),frozenset({'other vegetables'}),0.021853906302212123,0.12210118291786407,0.002205440085544343,0.10091743119266056,0.8265065806982922,-0.0004629477253319217,0.9764384802240084
152,frozenset({'pip fruit'}),frozenset({'rolls/buns'}),0.049054334023925686,0.11000467820624206,0.004945532313038829,0.10081743869209808,0.9164831926791396,-0.0004506739158846272,0.9897826760554824
126,frozenset({'pip fruit'}),frozenset({'other vegetables'}),0.049054334023925686,0.12210118291786407,0.004945532313038829,0.10081743869209808,0.8256876492336418,-0.0010440598985305242,0.9763298965731633
170,frozenset({'soft cheese'}),frozenset({'rolls/buns'}),0.010024727661565194,0.11000467820624206,0.0010024727661565194,0.1,0.9090522478736331,-0.00010029417435917327,0.9888836908819533
0,frozenset({'UHT-milk'}),frozenset({'other vegetables'}),0.021386085678005748,0.12210118291786407,0.002138608567800575,0.1,0.818992884510126,-0.0004726577914667177,0.975443130091262
136,frozenset({'sliced cheese'}),frozenset({'other vegetables'}),0.014034618726191272,0.12210118291786407,0.001403461872619127,0.09999999999999999,0.8189928845101259,-0.00031018167565003384,0.975443130091262
137,frozenset({'soda'}),frozenset({'other vegetables'}),0.09710619528169484,0.12210118291786407,0.009690570072846355,0.09979353062629044,0.817301915030752,-0.0021662112397016955,0.9752194046027092
168,frozenset({'shopping bags'}),frozenset({'rolls/buns'}),0.04758404063356279,0.11000467820624206,0.004745037759807526,0.09971910112359551,0.9064987303234263,-0.0004894293178402953,0.988575146828636
133,frozenset({'sausage'}),frozenset({'other vegetables'}),0.06034886052262247,0.12210118291786407,0.006014836596939116,0.09966777408637872,0.8162719779170688,-0.0013538306606182757,0.9750831879768372
107,frozenset({'margarine'}),frozenset({'other vegetables'}),0.03221279155249616,0.12210118291786407,0.003207912851700862,0.0995850622406639,0.8155945737860174,-0.0007253071019454977,0.9749936171280864
183,frozenset({'sausage'}),frozenset({'soda'}),0.06034886052262247,0.09710619528169484,0.005948005079195348,0.09856035437430785,1.0149749363405152,8.775684425780649e-05,1.0016131519172353
79,frozenset({'frozen vegetables'}),frozenset({'rolls/buns'}),0.028002405934638777,0.11000467820624206,0.0027400922274944863,0.09785202863961813,0.8895260659383999,-0.0003403034263460155,0.986529205903663
214,"frozenset({'soda', 'whole milk'})",frozenset({'other vegetables'}),0.011628684087415625,0.12210118291786407,0.0011361358016440553,0.09770114942528735,0.8001654618777091,-0.0002837402812075351,0.972957924664278
100,frozenset({'hygiene articles'}),frozenset({'rolls/buns'}),0.013700461137472432,0.11000467820624206,0.0013366303548753592,0.0975609756097561,0.8868802418279348,-0.00017048446382942066,0.9862110322579479
70,frozenset({'frankfurter'}),frozenset({'rolls/buns'}),0.037759807525228894,0.11000467820624206,0.0036757334759072377,0.09734513274336283,0.8849181173991119,-0.0004780220000352043,0.9859752094381828
86,frozenset({'grapes'}),frozenset({'soda'}),0.01443560783265388,0.09710619528169484,0.001403461872619127,0.09722222222222221,1.001194845912671,1.674919411475892e-06,1.0001285221495073
116,frozenset({'napkins'}),frozenset({'other vegetables'}),0.022121232373187194,0.12210118291786407,0.002138608567800575,0.09667673716012086,0.7917755983179466,-0.000562420072566531,0.9718545433250401
131,frozenset({'rolls/buns'}),frozenset({'other vegetables'}),0.11000467820624206,0.12210118291786407,0.010559379803515338,0.0959902794653706,0.7861535586427697,-0.0028723215319657984,0.9711165678206961
224,"frozenset({'whole milk', 'rolls/buns'})",frozenset({'yogurt'}),0.013967787208447505,0.08587850030074183,0.0013366303548753592,0.09569377990430622,1.1142926293448514,0.00013709773689400228,1.0108539335298676
64,frozenset({'domestic eggs'}),frozenset({'other vegetables'}),0.037091492347791216,0.12210118291786407,0.003542070440419702,0.0954954954954955,0.782101313135796,-0.0009868446514345085,0.9705853455788555
185,frozenset({'sausage'}),frozenset({'yogurt'}),0.06034886052262247,0.08587850030074183,0.005747510525964045,0.09523809523809523,1.1089864739670185,0.0005648408894225838,1.0103448154570749
24,frozenset({'butter milk'}),frozenset({'whole milk'}),0.017576689166610975,0.15792287642852368,0.001670787943594199,0.09505703422053231,0.6019206106821097,-0.0011049733676870767,0.9305306029382281
143,frozenset({'whipped/sour cream'}),frozenset({'other vegetables'}),0.043707812604424245,0.12210118291786407,0.004143554100113613,0.09480122324159021,0.7764152727771836,-0.0011932215216389156,0.9698409229251974
118,frozenset({'newspapers'}),frozenset({'other vegetables'}),0.038895943326872955,0.12210118291786407,0.0036757334759072377,0.09450171821305842,0.7739623479047582,-0.0010735072150101508,0.969520135752947
147,frozenset({'yogurt'}),frozenset({'other vegetables'}),0.08587850030074183,0.12210118291786407,0.008086613646995923,0.09416342412451362,0.7711917433908578,-0.0023992528269367996,0.9691580583767566
146,frozenset({'whole milk'}),frozenset({'other vegetables'}),0.15792287642852368,0.12210118291786407,0.014836596939116486,0.09394837071519255,0.7694304712706218,-0.004445973082597927,0.9689280265133523
142,frozenset({'waffles'}),frozenset({'other vegetables'}),0.018512330415023724,0.12210118291786407,0.0017376194613379669,0.09386281588447654,0.768729783294703,-0.0005227579809027833,0.968836543154389
88,frozenset({'ham'}),frozenset({'other vegetables'}),0.0171088685424046,0.12210118291786407,0.001603956425850431,0.09374999999999999,0.7678058292282429,-0.0004850566615634032,0.9687159360906328
108,frozenset({'margarine'}),frozenset({'rolls/buns'}),0.03221279155249616,0.11000467820624206,0.003007418298469558,0.0933609958506224,0.8487002314172922,-0.0005361394703875342,0.9816424373102777
105,frozenset({'long life bakery product'}),frozenset({'rolls/buns'}),0.017910846755329814,0.11000467820624206,0.001670787943594199,0.09328358208955224,0.8479964998821204,-0.00029948899012717197,0.9815586265050499
8,frozenset({'beverages'}),frozenset({'sausage'}),0.016574216400454454,0.06034886052262247,0.0015371249081066632,0.09274193548387098,1.5367636551995143,0.0005368898342838755,1.0357043670683983
141,frozenset({'tropical fruit'}),frozenset({'other vegetables'}),0.0677671589921807,0.12210118291786407,0.006282162667914188,0.09270216962524655,0.7592241730172765,-0.001992287608014044,0.9675971744796585
187,frozenset({'shopping bags'}),frozenset({'soda'}),0.04758404063356279,0.09710619528169484,0.004410880171088686,0.09269662921348315,0.9545902704207492,-0.00020982497096616506,0.9951399209898348
225,"frozenset({'soda', 'whole milk'})",frozenset({'sausage'}),0.011628684087415625,0.06034886052262247,0.0010693042839002875,0.09195402298850576,1.5237076921118622,0.00036752644984720253,1.0348056852472385
155,frozenset({'pork'}),frozenset({'rolls/buns'}),0.037091492347791216,0.11000467820624206,0.003408407404932166,0.0918918918918919,0.8353453088568521,-0.0006718302749758966,0.9800543722133643
65,frozenset({'domestic eggs'}),frozenset({'rolls/buns'}),0.037091492347791216,0.11000467820624206,0.003408407404932166,0.0918918918918919,0.8353453088568521,-0.0006718302749758966,0.9800543722133643
76,frozenset({'frozen meals'}),frozenset({'soda'}),0.016774710953685757,0.09710619528169484,0.0015371249081066632,0.09163346613545818,0.9436418126530357,-9.180344955593144e-05,0.9939751972995378
177,frozenset({'yogurt'}),frozenset({'rolls/buns'}),0.08587850030074183,0.11000467820624206,0.007819287576020852,0.09105058365758756,0.8276973774413625,-0.0016277492143969147,0.9791472504323451
191,frozenset({'specialty bar'}),frozenset({'soda'}),0.013967787208447505,0.09710619528169484,0.0012697988371315912,0.0909090909090909,0.9361821935806794,-8.655983518507143e-05,0.9931831851901357
44,frozenset({'citrus fruit'}),frozenset({'other vegetables'}),0.05313105660629553,0.12210118291786407,0.0048118692775512934,0.09056603773584906,0.7417294048393593,-0.0016754955837533867,0.9653244254222656
51,frozenset({'cream cheese '}),frozenset({'other vegetables'}),0.023658357281293858,0.12210118291786407,0.002138608567800575,0.09039548022598871,0.7403325509696055,-0.0007501048421388675,0.9651434200219755
33,frozenset({'cat food'}),frozenset({'rolls/buns'}),0.011829178640646929,0.11000467820624206,0.0010693042839002875,0.09039548022598871,0.8217421449705159,-0.0002319607059082299,0.978442061847796
14,frozenset({'bottled water'}),frozenset({'other vegetables'}),0.06068301811134131,0.12210118291786407,0.005480184454988973,0.09030837004405286,0.739619124777867,-0.0019292838394319705,0.9650509998917427
172,frozenset({'tropical fruit'}),frozenset({'rolls/buns'}),0.0677671589921807,0.11000467820624206,0.006081668114682885,0.08974358974358976,0.815816119886594,-0.0013730364032031967,0.9777413394353961
30,frozenset({'canned beer'}),frozenset({'rolls/buns'}),0.04691572545612511,0.11000467820624206,0.004210385617857381,0.08974358974358974,0.8158161198865937,-0.0009505636637560603,0.9777413394353961
121,frozenset({'oil'}),frozenset({'rolls/buns'}),0.014903428456860256,0.11000467820624206,0.0013366303548753592,0.08968609865470852,0.8152934958507919,-0.000302816496691304,0.9776795899507785
22,frozenset({'butter'}),frozenset({'soda'}),0.03522020985096572,0.09710619528169484,0.003141081333957094,0.08918406072106262,0.9184178255810462,-0.00027901924169305503,0.991302156430306
174,frozenset({'white bread'}),frozenset({'rolls/buns'}),0.023992514870012697,0.11000467820624206,0.002138608567800575,0.08913649025069639,0.8102972682996173,-0.0005006803098336495,0.9770896652108841
114,frozenset({'misc. beverages'}),frozenset({'whole milk'}),0.01577223818752924,0.15792287642852368,0.001403461872619127,0.08898305084745761,0.5634589038639477,-0.0010873353496712954,0.9243265170365973
36,frozenset({'chewing gum'}),frozenset({'other vegetables'}),0.012029673193878232,0.12210118291786407,0.0010693042839002875,0.0888888888888889,0.727993675120112,-0.0003995330431875645,0.9635474821633199
18,frozenset({'brown bread'}),frozenset({'rolls/buns'}),0.03762614448974136,0.11000467820624206,0.003341575887188398,0.08880994671403199,0.8073288169392835,-0.0007974760295471682,0.9767395052044556
91,frozenset({'hamburger meat'}),frozenset({'rolls/buns'}),0.021853906302212123,0.11000467820624206,0.0019381140145692708,0.08868501529051988,0.8061931250255462,-0.00046591791575493926,0.9766056047871102
166,frozenset({'sausage'}),frozenset({'rolls/buns'}),0.06034886052262247,0.11000467820624206,0.005346521419501437,0.08859357696566998,0.8053619028780802,-0.0012921355624030328,0.9765076252488012
12,frozenset({'bottled beer'}),frozenset({'rolls/buns'}),0.04531176903027468,0.11000467820624206,0.004009891064626078,0.08849557522123894,0.8044710158173743,-0.0009746155065048535,0.9764026345892685
175,frozenset({'whole milk'}),frozenset({'rolls/buns'}),0.15792287642852368,0.11000467820624206,0.013967787208447505,0.0884468895471858,0.8040284376030019,-0.0034044679944763706,0.9763504853289926
26,frozenset({'candy'}),frozenset({'soda'}),0.014368776314910112,0.09710619528169484,0.0012697988371315912,0.08837209302325581,0.9100561788761025,-0.00012549836166306162,0.9904192245634469
45,frozenset({'citrus fruit'}),frozenset({'rolls/buns'}),0.05313105660629553,0.11000467820624206,0.004678206242063757,0.0880503144654088,0.8004233629076014,-0.0011664585426694142,0.9759259045876381
46,frozenset({'specialty chocolate'}),frozenset({'citrus fruit'}),0.015972732740760543,0.05313105660629553,0.001403461872619127,0.08786610878661087,1.6537617431120233,0.0005548137052125488,1.0380810893169512
192,frozenset({'specialty chocolate'}),frozenset({'soda'}),0.015972732740760543,0.09710619528169484,0.001403461872619127,0.08786610878661087,0.9048455511177279,-0.00014758943208748715,0.9898698134297015
58,frozenset({'dessert'}),frozenset({'other vegetables'}),0.02359152576355009,0.12210118291786407,0.0020717770500568067,0.08781869688385269,0.7192288787482691,-0.0008087761525099255,0.9624170261801055
75,frozenset({'frozen meals'}),frozenset({'rolls/buns'}),0.016774710953685757,0.11000467820624206,0.0014702933903628951,0.08764940239043825,0.7967788626780848,-0.0003750032901000304,0.9754970557652107
55,frozenset({'curd'}),frozenset({'sausage'}),0.03368308494285905,0.06034886052262247,0.0029405867807257902,0.08730158730158731,1.446615338641917,0.0009078509855375443,1.0295308136882573
48,frozenset({'citrus fruit'}),frozenset({'yogurt'}),0.05313105660629553,0.08587850030074183,0.004611374724319989,0.08679245283018867,1.0106423904265471,4.8559263577507145e-05,1.0010008157863777
173,frozenset({'waffles'}),frozenset({'rolls/buns'}),0.018512330415023724,0.11000467820624206,0.001603956425850431,0.08664259927797834,0.7876264963526063,-0.00043248652430188115,0.9744217554817034
130,frozenset({'other vegetables'}),frozenset({'rolls/buns'}),0.12210118291786407,0.11000467820624206,0.010559379803515338,0.08648056923918994,0.7861535586427698,-0.0028723215319657984,0.9742489232577566
81,frozenset({'fruit/vegetable juice'}),frozenset({'other vegetables'}),0.03401724253157789,0.12210118291786407,0.0029405867807257902,0.08644400785854618,0.7079702734468672,-0.0012129587719837466,0.9609688126770047
96,frozenset({'hard cheese'}),frozenset({'yogurt'}),0.01470293390362895,0.08587850030074183,0.0012697988371315912,0.08636363636363636,1.0056490979837283,7.132923467005094e-06,1.0005309946957055
220,"frozenset({'soda', 'whole milk'})",frozenset({'rolls/buns'}),0.011628684087415625,0.11000467820624206,0.0010024727661565194,0.08620689655172414,0.7836657309255458,-0.00027673688484168395,0.9739571446044899
212,"frozenset({'whole milk', 'rolls/buns'})",frozenset({'other vegetables'}),0.013967787208447505,0.12210118291786407,0.0012029673193878234,0.0861244019138756,0.7053527235015439,-0.0005025160215086273,0.960632737016578
197,frozenset({'specialty bar'}),frozenset({'yogurt'}),0.013967787208447505,0.08587850030074183,0.0012029673193878234,0.0861244019138756,1.0028633664103663,3.434701406466404e-06,1.0002690755871464
171,frozenset({'specialty bar'}),frozenset({'rolls/buns'}),0.013967787208447505,0.11000467820624206,0.0012029673193878234,0.0861244019138756,0.7829158115658085,-0.0003335546177307084,0.9738692264654211
124,frozenset({'onions'}),frozenset({'rolls/buns'}),0.02024994987636169,0.11000467820624206,0.0017376194613379669,0.0858085808580858,0.7800448331588931,-0.0004899697585037321,0.973532788821331
178,frozenset({'sliced cheese'}),frozenset({'root vegetables'}),0.014034618726191272,0.06957160997126245,0.0012029673193878234,0.08571428571428572,1.2320296418279126,0.00022655629927386789,1.0176560515939317
29,frozenset({'canned beer'}),frozenset({'other vegetables'}),0.04691572545612511,0.12210118291786407,0.004009891064626078,0.08547008547008547,0.699993918384723,-0.0017185745110165455,0.9599454355010272
59,frozenset({'dessert'}),frozenset({'rolls/buns'}),0.02359152576355009,0.11000467820624206,0.002004945532313039,0.08498583569405099,0.772565649750963,-0.0005902326677005576,0.9726574259851286
34,frozenset({'cat food'}),frozenset({'tropical fruit'}),0.011829178640646929,0.0677671589921807,0.0010024727661565194,0.08474576271186442,1.250543242068666,0.00020084293646889094,1.0185506966566915
113,frozenset({'misc. beverages'}),frozenset({'rolls/buns'}),0.01577223818752924,0.11000467820624206,0.0013366303548753592,0.0847457627118644,0.7703832609098585,-0.0003983896315359972,0.9724022960339207
1,frozenset({'UHT-milk'}),frozenset({'rolls/buns'}),0.021386085678005748,0.11000467820624206,0.001804450979081735,0.08437499999999999,0.7670128341433778,-0.0005481184940184093,0.9720085425733875
28,frozenset({'candy'}),frozenset({'yogurt'}),0.014368776314910112,0.08587850030074183,0.0012029673193878234,0.08372093023255814,0.974876481766356,-3.1001641693476686e-05,0.9976452915499517
102,frozenset({'ice cream'}),frozenset({'other vegetables'}),0.015170754527835327,0.12210118291786407,0.0012697988371315912,0.08370044052863436,0.685500652233145,-0.0005825682364736446,0.9580914974886772
199,frozenset({'specialty chocolate'}),frozenset({'whole milk'}),0.015972732740760543,0.15792287642852368,0.0013366303548753592,0.08368200836820083,0.5298916171025769,-0.0011858295439696022,0.9189791439889627
198,frozenset({'specialty chocolate'}),frozenset({'tropical fruit'}),0.015972732740760543,0.0677671589921807,0.0013366303548753592,0.08368200836820083,1.2348460465615279,0.0002542036356926291,1.01736826027794
37,frozenset({'chewing gum'}),frozenset({'soda'}),0.012029673193878232,0.09710619528169484,0.0010024727661565194,0.08333333333333334,0.8581670107822896,-0.00016568302818318996,0.9849750596926966
85,frozenset({'grapes'}),frozenset({'rolls/buns'}),0.01443560783265388,0.11000467820624206,0.0012029673193878234,0.08333333333333334,0.7575435398946944,-0.000385017074954774,0.9709039874113724
56,frozenset({'curd'}),frozenset({'soda'}),0.03368308494285905,0.09710619528169484,0.002806923745238254,0.08333333333333333,0.8581670107822895,-0.0004639124789129318,0.9849750596926966
169,frozenset({'soda'}),frozenset({'rolls/buns'}),0.09710619528169484,0.11000467820624206,0.008086613646995923,0.08327598072952512,0.7570221747605617,-0.0025955221167994185,0.9708432451699177
15,frozenset({'sugar'}),frozenset({'bottled water'}),0.01771035220209851,0.06068301811134131,0.0014702933903628951,0.0830188679245283,1.368074141800349,0.00039557576692471775,1.0243580255164384
158,frozenset({'pork'}),frozenset({'yogurt'}),0.037091492347791216,0.08587850030074183,0.0030742498162133263,0.0828828828828829,0.9651179584253515,-0.00011111192053142507,0.9967336588076391
3,frozenset({'beef'}),frozenset({'other vegetables'}),0.03395041101383412,0.12210118291786407,0.002806923745238254,0.08267716535433071,0.6771201013666396,-0.0013384616000985724,0.957022744801985
32,frozenset({'canned beer'}),frozenset({'yogurt'}),0.04691572545612511,0.08587850030074183,0.0038762280291385416,0.08262108262108261,0.9620694624585674,-0.00015282411355481982,0.9964492124050919
164,frozenset({'root vegetables'}),frozenset({'rolls/buns'}),0.06957160997126245,0.11000467820624206,0.005747510525964045,0.08261287223823247,0.7509941721146248,-0.0019056920412148627,0.9701414973689026
49,frozenset({'coffee'}),frozenset({'other vegetables'}),0.03161130789280225,0.12210118291786407,0.0026064291920069507,0.0824524312896406,0.6752795453677571,-0.0012533488952850167,0.9567883421194707
181,frozenset({'salty snack'}),frozenset({'yogurt'}),0.018779656485998796,0.08587850030074183,0.0015371249081066632,0.0818505338078292,0.953096916238559,-7.56438270740126e-05,0.9956129512228356
17,frozenset({'brown bread'}),frozenset({'other vegetables'}),0.03762614448974136,0.12210118291786407,0.0030742498162133263,0.08170515097690942,0.6691593727791437,-0.0015199469346225663,0.9560097369772583
21,frozenset({'butter'}),frozenset({'rolls/buns'}),0.03522020985096572,0.11000467820624206,0.0028737552629820224,0.08159392789373814,0.7417314356464179,-0.001000632588029778,0.969065154101881
20,frozenset({'butter'}),frozenset({'other vegetables'}),0.03522020985096572,0.12210118291786407,0.0028737552629820224,0.08159392789373814,0.6682484636420382,-0.0014266740224363008,0.9558939599220777
71,frozenset({'frankfurter'}),frozenset({'soda'}),0.037759807525228894,0.09710619528169484,0.0030742498162133263,0.08141592920353984,0.8384215751359715,-0.0005924614271307612,0.9829190745006597
54,frozenset({'curd'}),frozenset({'rolls/buns'}),0.03368308494285905,0.11000467820624206,0.0027400922274944863,0.08134920634920635,0.7395067889448206,-0.0009652046926382405,0.9688070025573521
217,"frozenset({'whole milk', 'rolls/buns'})",frozenset({'sausage'}),0.013967787208447505,0.06034886052262247,0.0011361358016440553,0.08133971291866028,1.3478251654506244,0.0002931957595917866,1.022849417451937
156,frozenset({'pork'}),frozenset({'soda'}),0.037091492347791216,0.09710619528169484,0.003007418298469558,0.08108108108108109,0.8349733077881737,-0.0005943954007445458,0.9825609051346262
210,"frozenset({'other vegetables', 'whole milk'})",frozenset({'rolls/buns'}),0.014836596939116486,0.11000467820624206,0.0012029673193878234,0.08108108108108109,0.7370693901678107,-0.0004291277525754016,0.9685243207755602
189,frozenset({'sliced cheese'}),frozenset({'soda'}),0.014034618726191272,0.09710619528169484,0.0011361358016440553,0.08095238095238094,0.8336479533313669,-0.00022671262508560568,0.982423310833389
182,frozenset({'sliced cheese'}),frozenset({'sausage'}),0.014034618726191272,0.06034886052262247,0.0011361358016440553,0.08095238095238094,1.3414069503770498,0.0002891625536489528,1.022418338291447
109,frozenset({'margarine'}),frozenset({'soda'}),0.03221279155249616,0.09710619528169484,0.0026064291920069507,0.08091286307053942,0.8332409980209783,-0.0005216324350582713,0.9823810696935059
115,frozenset({'misc. beverages'}),frozenset({'yogurt'}),0.01577223818752924,0.08587850030074183,0.0012697988371315912,0.08050847457627118,0.9374694981204247,-8.469732479951032e-05,0.9941597876913592
153,frozenset({'pip fruit'}),frozenset({'soda'}),0.049054334023925686,0.09710619528169484,0.00394305954688231,0.08038147138964577,0.8277687242968134,-0.0008204201922585048,0.9818134113529422
